tag,frequency
c#,333823
java,277652
php,257277
javascript,241862
android,210799
jquery,207102
iphone,143258
c++,139459
asp.net,132156
.net,124773
python,122708
mysql,109680
html,108311
objective-c,94946
sql,89496
css,84293
ruby-on-rails,82342
ios,80350
c,65820
ruby,51086
wpf,49372
sql-server,48691
xml,45742
ajax,42631
regex,40434
asp.net-mvc,39333
database,38983
django,36155
windows,36071
xcode,35419
linux,34987
vb.net,33209
arrays,32763
facebook,30400
ruby-on-rails-3,29892
eclipse,29781
json,27867
winforms,27318
multithreading,26659
string,26311
asp.net-mvc-3,25293
visual-studio-2010,24114
wcf,23598
performance,23101
osx,22192
image,22129
visual-studio,22115
silverlight,21851
linq,21683
web-services,21406
algorithm,21326
actionscript-3,20748
cocoa-touch,20571
forms,20295
flash,20184
cocoa,20057
perl,19919
ipad,19855
homework,19647
oracle,19495
html5,18286
flex,18281
wordpress,18274
sql-server-2008,18172
spring,17993
git,17978
apache,17590
query,17565
hibernate,17208
swing,16958
entity-framework,16214
security,16190
delphi,16144
excel,15580
r,15270
jquery-ui,14879
file,14843
tsql,14838
api,14648
sqlite,14368
oop,14362
qt,14195
internet-explorer,14170
unit-testing,13880
bash,13857
debugging,13752
sql-server-2005,13718
mvc,13461
svn,12843
google-app-engine,12811
validation,12755
visual-studio-2008,12751
windows-phone-7,12571
winapi,12553
list,12405
http,12380
class,12376
.htaccess,12282
parsing,12227
zend-framework,12130
sockets,11992
nhibernate,11920
codeigniter,11800
function,11763
jsp,11583
email,11507
events,11480
sharepoint,11187
postgresql,11079
uitableview,10974
node.js,10890
google-maps,10867
templates,10840
matlab,10799
xaml,10654
shell,10537
scala,10198
design-patterns,10182
url,10101
session,10064
visual-c++,10028
jsf,10004
firefox,9983
cakephp,9850
drupal,9778
design,9652
c#-4.0,9644
facebook-graph-api,9549
gwt,9519
listview,9479
exception,9478
linq-to-sql,9472
generics,9464
magento,9461
rest,9439
authentication,9361
unix,9333
table,9295
gui,9235
java-ee,9221
mongodb,9220
google-chrome,9210
android-layout,9168
vba,9162
iis,9135
caching,9128
math,9123
ms-access,9082
xslt,8996
search,8964
variables,8942
dom,8927
jquery-ajax,8905
google,8853
datetime,8794
date,8770
testing,8766
sorting,8691
database-design,8675
tomcat,8657
ios5,8600
networking,8488
pdf,8331
optimization,8163
php5,8159
core-data,8154
asp.net-mvc-2,8031
grails,8028
opengl,7980
memory,7962
object,7948
inheritance,7881
web-applications,7860
servlets,7824
activerecord,7821
data-binding,7804
audio,7794
mod-rewrite,7782
animation,7779
maven,7732
haskell,7663
pointers,7582
layout,7580
application,7573
logging,7552
serialization,7474
redirect,7470
vim,7372
memory-management,7328
gcc,7326
post,7317
video,7175
select,7146
mobile,7135
iphone-sdk-4.0,7112
jpa,7111
css3,7108
stored-procedures,7106
loops,7089
button,7083
jquery-plugins,7012
div,6967
blackberry,6922
plugins,6892
gridview,6867
iframe,6853
reflection,6837
dynamic,6788
ubuntu,6764
cookies,6637
boost,6602
browser,6582
image-processing,6531
soap,6527
spring-mvc,6477
powershell,6436
dll,6428
deployment,6410
netbeans,6403
jquery-mobile,6401
encryption,6358
join,6338
phonegap,6301
version-control,6285
text,6179
user-interface,6166
javascript-events,6124
extjs,6101
file-upload,6089
graphics,6029
xpath,5987
ssl,5970
architecture,5926
data-structures,5920
language-agnostic,5911
assembly,5860
mvvm,5858
binding,5839
opencv,5839
windows-7,5773
emacs,5730
actionscript,5727
curl,5657
service,5626
twitter,5626
orm,5602
unicode,5559
jdbc,5469
file-io,5455
ant,5439
iis7,5402
encoding,5397
collections,5386
data,5383
entity-framework-4,5364
opengl-es,5362
.net-4.0,5342
compiler,5281
view,5280
drop-down-menu,5267
csv,5247
razor,5224
command-line,5197
canvas,5196
uiview,5176
types,5149
jsf-2.0,5130
com,5124
syntax,5072
silverlight-4.0,5066
asynchronous,5058
configuration,4977
scripting,4968
sharepoint2010,4956
xcode4,4927
properties,4924
android-intent,4912
datagrid,4884
printing,4865
reporting-services,4857
google-maps-api-3,4816
selenium,4812
frameworks,4768
django-models,4756
methods,4703
uitableviewcell,4695
java-me,4671
asp-classic,4666
memory-leaks,4651
graph,4644
exception-handling,4617
time,4602
random,4601
recursion,4593
login,4593
interface,4589
stl,4571
update,4563
groovy,4557
utf-8,4519
activity,4500
symfony-2.0,4455
.net-3.5,4454
concurrency,4439
if-statement,4418
ruby-on-rails-3.1,4412
hash,4407
symfony,4386
jqgrid,4346
input,4345
maven-2,4339
dictionary,4334
joomla,4326
script,4311
usercontrols,4307
mercurial,4272
xhtml,4263
coldfusion,4257
tcp,4236
vb6,4202
map,4201
datagridview,4200
jquery-selectors,4193
ado.net,4189
heroku,4160
sdk,4160
coding-style,4151
azure,4149
localization,4133
mfc,4131
vector,4119
reference,4115
process,4112
air,4089
backbone.js,4083
oauth,4080
build,4054
character-encoding,4039
excel-vba,4032
parameters,4026
ios4,4017
uiviewcontroller,4010
tfs,4006
model,3983
uiwebview,3967
internet-explorer-8,3947
checkbox,3944
menu,3938
https,3914
autocomplete,3901
casting,3892
open-source,3873
jboss,3873
dependency-injection,3867
static,3842
ide,3839
upload,3820
fonts,3802
colors,3791
error-handling,3787
vbscript,3786
internationalization,3783
resources,3769
batch,3763
permissions,3761
for-loop,3760
transactions,3759
solr,3756
url-rewriting,3745
f#,3745
msbuild,3740
android-emulator,3717
import,3703
multidimensional-array,3701
combobox,3685
3d,3681
jar,3664
constructor,3643
delegates,3601
sqlite3,3582
crystal-reports,3581
clojure,3570
junit,3569
macros,3568
eclipse-plugin,3555
module,3554
timer,3541
fluent-nhibernate,3538
background,3533
triggers,3526
struts2,3522
website,3510
filter,3509
uinavigationcontroller,3506
plsql,3506
safari,3491
proxy,3490
hyperlink,3484
programming-languages,3482
rspec,3463
path,3457
tabs,3454
enums,3448
charts,3443
windows-services,3436
attributes,3435
textbox,3432
uiscrollview,3432
compilation,3421
header,3408
dojo,3408
ssh,3403
dialog,3360
delete,3339
webview,3337
struct,3335
android-widget,3330
insert,3329
github,3329
ftp,3327
event-handling,3321
lambda,3306
routing,3305
matrix,3289
drupal-6,3270
drag-and-drop,3263
ssis,3249
documentation,3229
hadoop,3225
namespaces,3217
google-chrome-extension,3216
bitmap,3195
linker,3191
content-management-system,3180
cocos2d-iphone,3172
mono,3161
rss,3148
rubygems,3145
webkit,3144
svg,3138
webforms,3136
io,3131
batch-file,3128
callback,3125
xna,3112
floating-point,3098
web,3083
merge,3072
lucene,3066
listbox,3062
numpy,3055
active-directory,3042
replace,3021
qt4,3013
foreach,3007
controller,3004
flex4,3003
devise,2999
crash,2993
stream,2979
applet,2969
tree,2962
linq-to-entities,2958
keyboard,2950
tags,2947
network-programming,2945
datatable,2945
iphone-sdk-3.0,2910
garbage-collection,2909
functional-programming,2908
nsstring,2904
arraylist,2900
parallel-processing,2899
formatting,2898
console,2893
youtube,2886
paypal,2883
monotouch,2880
calendar,2869
web-config,2861
doctrine,2852
seo,2845
xsd,2840
null,2838
uiimageview,2837
sharepoint2007,2826
sed,2825
download,2816
nginx,2808
asp.net-ajax,2804
playframework,2799
geolocation,2791
internet-explorer-7,2783
binary,2775
books,2766
annotations,2762
count,2761
get,2746
cross-browser,2744
bluetooth,2731
installer,2725
columns,2722
resize,2719
synchronization,2712
gps,2704
error-message,2701
include,2697
amazon-s3,2696
navigation,2696
interop,2694
automation,2693
filesystems,2686
makefile,2685
treeview,2682
c++11,2674
python-3.x,2670
amazon-ec2,2656
uikit,2655
android-ndk,2650
refactoring,2647
facebook-connect,2640
windows-mobile,2638
jaxb,2629
interface-builder,2618
telerik,2616
indexing,2615
cocos2d,2612
wsdl,2612
load,2606
camera,2600
django-forms,2598
oracle10g,2594
grid,2570
cryptography,2567
uibutton,2556
operating-system,2554
passwords,2549
outlook,2545
compiler-errors,2545
pdo,2542
rotation,2541
entity-framework-4.1,2536
erlang,2536
notifications,2531
xml-parsing,2530
uiimage,2528
index,2528
amazon-web-services,2525
spring-security,2521
cuda,2508
licensing,2507
drupal-7,2506
visual-studio-2005,2498
popup,2497
lua,2494
scope,2487
django-admin,2475
iterator,2471
xml-serialization,2464
django-templates,2454
thread-safety,2450
wpf-controls,2441
apple,2434
pagination,2432
linux-kernel,2431
httpwebrequest,2427
glassfish,2422
scrolling,2422
awk,2421
jvm,2415
interview-questions,2411
cron,2409
locking,2407
c#-3.0,2405
flex3,2394
onclick,2393
ffmpeg,2386
routes,2384
apache2,2379
http-headers,2378
firefox-addon,2376
group-by,2371
installation,2370
primefaces,2365
ms-word,2365
full-text-search,2364
dataset,2354
directory,2352
latex,2348
wix,2343
sms,2341
mocking,2337
nosql,2328
timeout,2327
windows-xp,2323
smtp,2317
tfs2010,2315
intellij-idea,2310
google-analytics,2301
terminal,2300
c++-cli,2290
gdb,2287
editor,2286
user,2284
connection,2274
scroll,2271
comments,2270
android-listview,2264
yii,2263
twitter-api,2262
gtk,2261
click,2259
split,2259
doctrine2,2258
window,2254
controls,2235
tdd,2234
timezone,2230
statistics,2221
comparison,2220
escaping,2207
gem,2196
phpmyadmin,2195
widget,2194
focus,2192
styles,2187
embedded,2185
twitter-bootstrap,2184
migration,2179
xmlhttprequest,2164
mathematica,2163
tortoisesvn,2163
icons,2160
nsmutablearray,2155
ef-code-first,2154
compression,2151
singleton,2150
jni,2149
streaming,2144
ldap,2143
extension,2140
x86,2131
mapping,2127
sencha-touch,2123
app-store,2121
drawing,2115
dependencies,2115
cursor,2113
make,2112
iis6,2110
plot,2106
adobe,2103
g++,2100
datepicker,2094
log4j,2093
uitabbarcontroller,2091
numbers,2090
compact-framework,2080
extjs4,2078
microsoft,2077
udp,2076
facebook-like,2074
copy,2065
registry,2062
nunit,2060
views,2059
continuous-integration,2059
hover,2057
knockout.js,2050
jquery-validate,2047
foreign-keys,2041
asp.net-membership,2040
lisp,2035
initialization,2026
xcode4.2,2015
matplotlib,2013
jasper-reports,2001
internet-explorer-9,2000
wxpython,1999
tinymce,1999
gmail,1995
prototypejs,1993
richfaces,1992
maps,1989
webbrowser,1984
xml-schema,1982
fancybox,1979
core-animation,1978
openssl,1964
profiling,1964
textview,1957
.net-2.0,1957
memcached,1953
css-float,1951
repository,1949
geometry,1943
client,1942
domain,1942
uitextfield,1939
cross-platform,1933
zip,1933
integer,1925
pthreads,1921
workflow,1920
struts,1919
odbc,1917
command,1903
linq-to-xml,1897
find,1894
64bit,1888
size,1887
webserver,1887
grep,1885
themes,1884
radio-button,1883
mysqli,1880
location,1875
slider,1874
cygwin,1874
domain-driven-design,1873
request,1872
sqlalchemy,1870
usb,1868
osx-lion,1868
oracle11g,1867
many-to-many,1854
sql-server-2008-r2,1852
runtime,1847
hudson,1847
jtable,1845
android-asynctask,1844
remote,1840
dns,1837
schema,1828
components,1827
format,1823
stack,1823
wordpress-plugin,1818
openid,1817
certificate,1814
prolog,1811
coffeescript,1811
devexpress,1811
position,1809
linked-list,1807
png,1806
activex,1806
assemblies,1805
imagemagick,1804
directx,1803
timestamp,1800
persistence,1793
textarea,1792
db2,1790
core-graphics,1788
while-loops,1786
nullpointerexception,1783
nsarray,1781
install,1779
tutorials,1777
custom-controls,1773
output,1771
mootools,1768
char,1764
e-commerce,1762
ejb,1760
sql-server-2000,1758
couchdb,1753
queue,1751
cucumber,1750
uml,1749
pyqt,1748
pdf-generation,1747
page,1743
scheme,1737
control,1736
export,1734
client-server,1733
mapreduce,1728
video-streaming,1727
form-validation,1726
nested,1725
jenkins,1722
hosting,1721
associations,1720
cgi,1718
height,1717
touch,1713
progress-bar,1710
polymorphism,1708
operators,1706
cross-domain,1705
serial-port,1702
arguments,1701
swt,1701
hashmap,1700
remove,1694
save,1691
flash-builder,1689
authorization,1686
cmd,1680
internet-explorer-6,1672
naming-conventions,1667
updatepanel,1659
swf,1656
project-management,1652
segmentation-fault,1651
ip,1651
sql-server-ce,1649
forms-authentication,1648
jms,1639
operator-overloading,1638
ios-simulator,1636
css-selectors,1635
sinatra,1632
xmpp,1632
display,1632
rake,1631
cakephp-1.3,1628
imageview,1626
word,1613
report,1612
width,1608
applescript,1595
entity,1587
clr,1585
kernel,1585
websphere,1582
backup,1582
storyboard,1580
html-parsing,1580
vsto,1577
value,1572
machine-learning,1569
mp3,1567
websocket,1563
tkinter,1558
windows-server-2008,1557
preg-replace,1556
cmake,1555
alignment,1552
redis,1551
hex,1547
ssrs-2008,1545
refresh,1543
inversion-of-control,1540
nhibernate-mapping,1536
mongoid,1536
jetty,1535
mkmapview,1532
